count,id,label
25,n0,aal
2,n1,abandon
4,n2,abb
29,n3,ability
40,n4,able
25,n5,abm
4,n6,abnormal
3,n7,absolute
18,n8,absorptive
5,n9,abstraction
10,n10,academia
27,n11,academic
6,n12,accelerate
17,n13,accept
5,n14,acceptability
7,n15,acceptable
98,n16,acceptance
2,n17,accepted
36,n18,access
3,n19,accessibility
6,n20,accessible
3,n21,accommodation
5,n22,accompany
4,n23,accomplish
9,n24,accomplishment
67,n25,accord
3,n26,accordance
10,n27,accordingly
43,n28,account
4,n29,accountable
11,n30,accounting
5,n31,accreditation
4,n32,accrue
7,n33,accumulate
16,n34,accuracy
9,n35,accurate
4,n36,accurately
160,n37,achieve
9,n38,achievement
4,n39,acknowledge
20,n40,acquire
28,n41,acquisition
31,n42,act
119,n43,action
29,n44,active
4,n45,actively
357,n46,activity
80,n47,actor
25,n48,actual
38,n49,actuator
11,n50,ad
36,n51,adapt
22,n52,adaptability
6,n53,adaptable
11,n54,adaptation
5,n55,adapted
12,n56,adaption
14,n57,adaptive
87,n58,add
79,n59,addition
31,n60,additional
14,n61,additionally
4,n62,additive
198,n63,address
2,n64,addressed
12,n65,adequate
3,n66,adequately
6,n67,adjust
4,n68,adjustment
4,n69,administration
16,n70,administrative
59,n71,adopt
75,n72,adoption
6,n73,adopts
39,n74,advance
23,n75,advanced
114,n76,advantage
2,n77,advertise
4,n78,advisory
4,n79,advocate
17,n80,aero
4,n81,aeronautic
3,n82,aeronautics
18,n83,aerospace
4,n84,affair
51,n85,affect
3,n86,affordable
7,n87,aforementioned
3,n88,african
10,n89,aftermarket
3,n90,afterwards
19,n91,age
21,n92,agency
42,n93,agenda
103,n94,agent
14,n95,aggregate
6,n96,aggregation
53,n97,agile
16,n98,agility
24,n99,agree
39,n100,agreement
33,n101,agricultural
3,n102,agriculture
5,n103,ahead
11,n104,ahp
21,n105,aid
229,n106,aim
4,n107,aipm
10,n108,air
9,n109,airborne
17,n110,aircraft
29,n111,airline
5,n112,al
39,n113,algorithm
7,n114,algorithms
8,n115,align
10,n116,alignment
6,n117,alleviate
3,n118,alliance
13,n119,allocate
203,n120,allocation
84,n121,allow
4,n122,alloy
9,n123,almost
10,n124,alone
9,n125,along
2,n126,alongside
25,n127,already
3,n128,alter
116,n129,alternative
9,n130,always
73,n131,am
2,n132,amalgamate
3,n133,ambient
18,n134,ambiguity
2,n135,ambition
2,n136,america
5,n137,american
25,n138,amliorer
2,n139,amongst
25,n140,amount
146,n141,amp
2,n142,amplify
3,n143,analogous
6,n144,analogy
60,n145,analyse
461,n146,analysis
13,n147,analyst
12,n148,analytic
33,n149,analytical
5,n150,analytics
127,n151,analyze
7,n152,analyzed
2,n153,angle
19,n154,animal
2,n155,ann
2,n156,announce
2,n157,anns
4,n158,annual
9,n159,annuity
11,n160,anp
4,n161,anpa
12,n162,answer
14,n163,antecedent
3,n164,anticipate
9,n165,app
4,n166,apparent
2,n167,appeal
29,n168,appear
16,n169,appliance
12,n170,applicability
9,n171,applicable
253,n172,application
12,n173,applied
7,n174,applies
137,n175,apply
2,n176,appraisal
1089,n177,approach
59,n178,appropriate
3,n179,appropriately
2,n180,appropriateness
20,n181,approximate
13,n182,approximately
26,n183,approximation
26,n184,apps
9,n185,april
4,n186,aquaculture
4,n187,archetypal
8,n188,architecting
2,n189,architectural
64,n190,architecture
18,n191,architectures
4,n192,archive
197,n193,area
2,n194,arenas
4,n195,arguably
24,n196,argue
2,n197,argues
4,n198,argument
12,n199,arise
2,n200,arises
2,n201,arm
4,n202,army
3,n203,arrange
6,n204,arrangement
11,n205,array
2,n206,arrival
28,n207,art
4,n208,artefact
4,n209,arterial
153,n210,article
3,n211,articulate
5,n212,articulation
6,n213,artifact
3,n214,artificial
2,n215,ascertain
43,n216,asia
25,n217,asian
24,n218,ask
178,n219,aspect
11,n220,aspects
80,n221,ass
124,n222,assembly
56,n223,assess
3,n224,assessed
288,n225,assessment
50,n226,asset
6,n227,assign
16,n228,assist
17,n229,assistance
6,n230,assistant
2,n231,assistive
41,n232,associate
4,n233,associated
4,n234,association
17,n235,assume
4,n236,assumption
155,n237,assurance
9,n238,assure
4,n239,astrophysics
4,n240,asymmetry
17,n241,attach
2,n242,attain
6,n243,attainment
21,n244,attempt
43,n245,attention
42,n246,attitude
13,n247,attract
11,n248,attractive
4,n249,attractiveness
152,n250,attribute
4,n251,atypical
13,n252,auction
2,n253,auditory
9,n254,augmentation
2,n255,australia
47,n256,author
16,n257,authority
9,n258,authorship
2,n259,auto
10,n260,automate
2,n261,automatic
3,n262,automatically
24,n263,automation
2,n264,automobile
50,n265,automotive
2,n266,autonomous
114,n267,availability
69,n268,available
7,n269,avenue
41,n270,average
18,n271,avoid
2,n272,avoidance
2,n273,award
6,n274,aware
15,n275,awareness
8,n276,away
8,n277,ax
4,n278,b2c
4,n279,ba
4,n280,baby
15,n281,back
11,n282,background
26,n283,balance
37,n284,ballast
9,n285,bangladesh
2,n286,bargaining
4,n287,barley
132,n288,barrier
1061,n289,base
16,n290,baseline
27,n291,basic
3,n292,basically
67,n293,basis
9,n294,basketball
2,n295,batch
2,n296,battery
9,n297,bayesian
4,n298,bayh
98,n299,become
3,n300,becomes
2,n301,bed
15,n302,begin
2,n303,behave
68,n304,behavior
9,n305,behavioral
12,n306,behaviour
5,n307,behavioural
2,n308,belgium
9,n309,believe
9,n310,belong
3,n311,bench
10,n312,benchmark
17,n313,benchmarking
193,n314,benefit
3,n315,benign
4,n316,berchicci
2,n317,berlin
66,n318,best
45,n319,better
10,n320,bi
4,n321,bias
9,n322,bibliometric
18,n323,bicycle
54,n324,big
11,n325,bike
9,n326,bikesharing
4,n327,bility
10,n328,bill
4,n329,bim
9,n330,biochemicals
4,n331,bioenergy
2,n332,biogas
3,n333,biological
9,n334,biomass
6,n335,biometric
4,n336,biometrics
16,n337,biorefinery
49,n338,biosolarization
25,n339,bis
2,n340,bivariate
4,n341,bleed
2,n342,blend
7,n343,block
20,n344,blueprint
5,n345,blur
44,n346,bm
9,n347,bmc
4,n348,bms
36,n349,bnc
54,n350,board
17,n351,body
7,n352,book
2,n353,borrow
13,n354,bottle
13,n355,bottom
2,n356,bound
2,n357,boundaries
48,n358,boundary
4,n359,boundedness
6,n360,box
4,n361,bpn
4,n362,bpnn
4,n363,brac
108,n364,brand
8,n365,brazil
9,n366,brazilian
8,n367,bridge
4,n368,briefly
27,n369,bring
18,n370,broad
7,n371,broaden
5,n372,broken
2,n373,brundtland
3,n374,budget
78,n375,build
31,n376,building
19,n377,bundle
14,n378,burden
2084,n379,business
8,n380,buy
34,n381,buyer
9,n382,buying
91,n383,cad
5,n384,cae
28,n385,calculate
11,n386,calculation
2,n387,california
55,n388,call
4,n389,cam
3,n390,cameron
16,n391,canada
26,n392,canadian
7,n393,candidate
7,n394,canvas
596,n395,capability
19,n396,capable
73,n397,capacity
2,n398,capex
114,n399,capital
2,n400,capitalize
36,n401,capture
175,n402,car
28,n403,carbon
4,n404,card
198,n405,care
3,n406,carefully
4,n407,caregiver
4,n408,carlile
5,n409,carrier
61,n410,carry
89,n411,carsharing
9,n412,cascade
7,n413,cash
9,n414,catalog
2,n415,catalogue
2,n416,categorise
6,n417,categorization
9,n418,categorize
72,n419,category
26,n420,cattle
3,n421,causal
49,n422,cause
5,n423,cbm
4,n424,cbr
16,n425,ccc
81,n426,ccs
9,n427,cds
150,n428,ce
9,n429,cell
9,n430,cellular
144,n431,cement
36,n432,center
13,n433,central
98,n434,centre
16,n435,centric
6,n436,century
4,n437,cerebral
4,n438,cerif
21,n439,certain
3,n440,certification
25,n441,cevs
9,n442,cf
9,n443,cfa
49,n444,cfp
184,n445,chain
2,n446,chair
25,n447,champagne
4,n448,chance
500,n449,change
25,n450,changeability
2,n451,changeable
8,n452,channel
5,n453,character
163,n454,characteristic
5,n455,characterization
35,n456,characterize
19,n457,charge
5,n458,chart
2,n459,chave
16,n460,chaveambiente
4,n461,chd
8,n462,check
11,n463,checklist
184,n464,chemical
57,n465,china
23,n466,chinese
16,n467,choice
23,n468,choose
4,n469,choosing
9,n470,cip
4,n471,cir
9,n472,circa
5,n473,circle
6,n474,circuit
75,n475,circular
10,n476,circularity
2,n477,circulation
2,n478,circumstance
9,n479,citation
6,n480,cite
10,n481,citizen
24,n482,city
6,n483,civil
9,n484,civilian
25,n485,cl
14,n486,claim
5,n487,clarification
4,n488,clarifies
16,n489,clarify
5,n490,clarity
32,n491,class
8,n492,classical
70,n493,classification
3,n494,classified
5,n495,classifier
32,n496,classify
119,n497,clean
6,n498,cleaner
4,n499,cleaning
20,n500,clear
5,n501,clearance
5,n502,clearly
33,n503,client
20,n504,climate
5,n505,climatic
36,n506,clinical
76,n507,close
3,n508,closely
3,n509,closer
4,n510,clothe
9,n511,clothing
53,n512,cloud
282,n513,cluster
81,n514,cm
25,n515,cmfd
36,n516,cms
4,n517,cnc
302,n518,co
20,n519,cod
6,n520,code
12,n521,coefficient
25,n522,cognition
3,n523,cognitive
3,n524,coherent
4,n525,cohesive
6,n526,collaborate
103,n527,collaboration
145,n528,collaborative
5,n529,collaboratively
5,n530,collate
25,n531,collect
38,n532,collection
12,n533,collective
15,n534,color
89,n535,combination
86,n536,combine
2,n537,combined
2,n538,combustion
25,n539,come
4,n540,commerce
16,n541,commercial
20,n542,commission
4,n543,commit
4,n544,commitment
7,n545,commoditization
2,n546,commoditized
23,n547,commodity
42,n548,common
2,n549,commonality
13,n550,commonly
8,n551,communicate
75,n552,communication
65,n553,community
1078,n554,company
10,n555,comparable
19,n556,comparative
97,n557,compare
39,n558,comparison
2,n559,compel
4,n560,compensate
5,n561,compensation
13,n562,compete
37,n563,competence
17,n564,competency
51,n565,competition
80,n566,competitive
26,n567,competitiveness
14,n568,competitor
2,n569,complaint
8,n570,complement
6,n571,complementarity
20,n572,complementary
22,n573,complete
2,n574,completely
6,n575,completion
85,n576,complex
48,n577,complexity
5,n578,compliance
7,n579,complicate
295,n580,component
7,n581,compose
10,n582,composition
56,n583,comprehensive
2,n584,comprehensively
15,n585,comprise
2,n586,compromise
5,n587,computation
9,n588,computational
22,n589,compute
40,n590,computer
2,n591,computerized
4,n592,computing
2,n593,con
10,n594,conceive
5,n595,concentrate
2,n596,concentration
560,n597,concept
24,n598,conception
3,n599,concepts
82,n600,conceptual
4,n601,conceptualise
11,n602,conceptualization
7,n603,conceptualize
4,n604,conceptually
183,n605,concern
3,n606,concerned
18,n607,conclude
2,n608,concludes
23,n609,conclusion
2,n610,conclusively
13,n611,concrete
2,n612,concretize
4,n613,concurrent
3,n614,concurrently
111,n615,condition
11,n616,conditional
116,n617,conduct
28,n618,conference
23,n619,confidence
2,n620,confident
4,n621,configurability
2,n622,configurable
204,n623,configuration
4,n624,configurational
16,n625,configurators
7,n626,configure
17,n627,confirm
43,n628,conflict
2,n629,conformance
10,n630,confront
2,n631,conjunction
13,n632,connect
4,n633,connectedness
9,n634,connection
5,n635,connects
2,n636,consciousness
2,n637,consecutive
5,n638,consensus
28,n639,consequence
4,n640,consequences
23,n641,consequently
4,n642,conservation
211,n643,consider
9,n644,considerable
6,n645,considerably
33,n646,consideration
4,n647,considerprior
33,n648,considers
83,n649,consist
8,n650,consistent
2,n651,consistently
2,n652,consolidate
2,n653,consolidation
6,n654,constant
6,n655,constantly
34,n656,constellation
2,n657,constituent
15,n658,constitute
8,n659,constitutes
2,n660,constrain
27,n661,constraint
66,n662,construct
49,n663,construction
4,n664,consult
5,n665,consultancy
9,n666,consultant
5,n667,consume
329,n668,consumer
289,n669,consumption
32,n670,contain
3,n671,container
4,n672,contamination
2,n673,contemporary
46,n674,content
252,n675,context
3,n676,contexts
4,n677,contextual
2,n678,contextualized
8,n679,continue
2,n680,continuity
46,n681,continuous
8,n682,continuously
4,n683,contool
135,n684,contract
2,n685,contractor
3,n686,contractual
3,n687,contradiction
2,n688,contrary
9,n689,contrast
105,n690,contribute
13,n691,contributes
69,n692,contribution
5,n693,contributor
196,n694,control
9,n695,controllability
11,n696,controller
4,n697,controversy
25,n698,conventional
2,n699,convergence
4,n700,conversation
2,n701,conversion
10,n702,convert
2,n703,convex
4,n704,cooker
2,n705,cooperate
24,n706,cooperation
33,n707,cooperative
8,n708,coordinate
2,n709,coordinated
42,n710,coordination
12,n711,cop
10,n712,cope
4,n713,copras
16,n714,coral
38,n715,core
64,n716,cork
21,n717,corp
31,n718,corporate
11,n719,corporation
4,n720,corr
4,n721,correct
4,n722,correction
34,n723,correlation
20,n724,correspond
4,n725,corroborate
752,n726,cost
2,n727,costing
2,n728,costly
4,n729,costumer
179,n730,country
10,n731,couple
5,n732,course
37,n733,cover
2,n734,coverage
2,n735,cp
19,n736,cps
16,n737,cr
2,n738,cradle
4,n739,craftspeople
51,n740,crane
8,n741,crc
144,n742,create
2,n743,creates
363,n744,creation
6,n745,creative
9,n746,creativity
3,n747,crisis
4,n748,criteria
262,n749,criterion
53,n750,critical
6,n751,criticality
8,n752,critically
4,n753,criticism
2,n754,criticize
2,n755,crop
59,n756,cross
16,n757,crs
29,n758,crucial
16,n759,cs
9,n760,csa
2,n761,csqca
16,n762,csr
4,n763,csvs
25,n764,cultural
361,n765,culture
6,n766,cumulative
4,n767,currency
153,n768,current
46,n769,currently
2,n770,curve
2,n771,custom
1805,n772,customer
5,n773,customisation
3,n774,customizable
61,n775,customization
4,n776,customizations
15,n777,customize
5,n778,customized
22,n779,cut
52,n780,cyber
467,n781,cycle
4,n782,cyclic
16,n783,daccs
4,n784,dag
5,n785,daily
4,n786,dam
40,n787,damage
2,n788,danish
9,n789,dans
2,n790,dark
9,n791,dashboard
726,n792,data
17,n793,database
4,n794,databases
23,n795,date
14,n796,day
16,n797,dcm
16,n798,dcms
101,n799,de
27,n800,dea
61,n801,deal
5,n802,dealer
4,n803,death
17,n804,debate
42,n805,decade
18,n806,december
4,n807,decentralize
2,n808,decide
365,n809,decision
4,n810,declaration
3,n811,decompose
4,n812,decomposition
4,n813,decouple
25,n814,decrease
15,n815,dedicate
9,n816,deep
3,n817,deeply
2,n818,default
11,n819,defence
2,n820,deficit
109,n821,define
3,n822,defines
74,n823,definition
10,n824,degradation
26,n825,degree
4,n826,degremont
4,n827,delay
2,n828,delft
2,n829,delineate
4,n830,delineation
68,n831,deliver
2,n832,deliverable
2,n833,deliverables
207,n834,delivery
7,n835,delphi
191,n836,demand
4,n837,dematel
3,n838,dematerialization
5,n839,demolition
82,n840,demonstrate
5,n841,demonstrated
2,n842,demonstrates
3,n843,demonstration
4,n844,denmark
3,n845,denote
4,n846,dental
4,n847,deom
8,n848,department
35,n849,depend
8,n850,dependence
9,n851,dependency
10,n852,dependent
3,n853,depict
2,n854,depletion
16,n855,deploy
41,n856,deployment
15,n857,depth
3,n858,derivative
46,n859,derive
7,n860,desalination
145,n861,describe
6,n862,described
6,n863,describes
15,n864,description
3,n865,descriptive
3,n866,deserve
3010,n867,design
103,n868,designer
4,n869,designsince
12,n870,desirable
8,n871,desire
25,n872,destination
7,n873,destructive
29,n874,detail
18,n875,detailed
11,n876,detect
16,n877,detection
3,n878,deterioration
2,n879,determinant
12,n880,determination
76,n881,determine
5,n882,determines
486,n883,develop
11,n884,developed
8,n885,developer
1378,n886,development
8,n887,deviation
50,n888,device
6,n889,devise
5,n890,devote
50,n891,dfe
81,n892,dfrem
25,n893,dfs
16,n894,dfu
11,n895,dfx
9,n896,diagnosis
5,n897,diagnostic
25,n898,diagnostics
9,n899,dialogic
2,n900,dialogue
36,n901,diamond
17,n902,die
3,n903,dieless
17,n904,diet
22,n905,differ
42,n906,difference
18,n907,differences
363,n908,different
18,n909,differentiate
22,n910,differentiation
3,n911,differently
2,n912,differs
21,n913,difficult
15,n914,difficulty
40,n915,diffusion
13,n916,digital
9,n917,dilemma
4,n918,dilemmas
159,n919,dimension
8,n920,dimensional
19,n921,direct
25,n922,direction
5,n923,directive
24,n924,directly
3,n925,disadvantage
44,n926,disassembly
4,n927,disaster
9,n928,disc
2,n929,discard
6,n930,disciplinary
43,n931,discipline
3,n932,disclose
27,n933,disclosure
4,n934,disconfirmation
4,n935,discourse
4,n936,discover
5,n937,discovery
8,n938,discrete
9,n939,discus
133,n940,discuss
14,n941,discussed
34,n942,discussion
5,n943,disease
4,n944,disincentive
2,n945,disparity
14,n946,display
11,n947,disposal
2,n948,dispose
4,n949,disposition
2,n950,disruptive
7,n951,dissemination
4,n952,dissepiments
5,n953,distance
14,n954,distinct
7,n955,distinction
7,n956,distinctive
6,n957,distinguish
9,n958,distinguishes
34,n959,distribute
5,n960,distributed
31,n961,distribution
50,n962,distributor
6,n963,district
4,n964,disturbance
32,n965,diverse
16,n966,diversification
2,n967,diversified
2,n968,diversify
4,n969,diversity
23,n970,divide
10,n971,division
4,n972,divisional
4,n973,dmg
11,n974,do
4,n975,doctor
47,n976,document
4,n977,documentation
4,n978,dole
106,n979,domain
3,n980,domains
87,n981,domestic
2,n982,dominance
36,n983,dominant
7,n984,dominate
3,n985,double
4,n986,dpso
9,n987,dpsoen
2,n988,draft
26,n989,draw
2,n990,drawback
13,n991,dre
56,n992,drive
11,n993,driven
26,n994,driver
3,n995,driving
18,n996,drop
9,n997,drr
4,n998,dry
16,n999,dss
6,n1000,dt
2,n1001,dual
81,n1002,due
4,n1003,durable
3,n1004,duration
4,n1005,dutch
384,n1006,dynamic
4,n1007,dynamically
64,n1008,eaf
5,n1009,earlier
53,n1010,early
2,n1011,earn
21,n1012,earnings
30,n1013,earth
2,n1014,ease
9,n1015,easily
2,n1016,east
14,n1017,easy
197,n1018,ec
2,n1019,echo
5,n1020,ecm
390,n1021,eco
144,n1022,ecodesign
25,n1023,ecodp
2,n1024,ecologic
45,n1025,ecological
14,n1026,ecology
29,n1027,ecom2
4,n1028,ecomodo
196,n1029,economic
7,n1030,economical
6,n1031,economically
9,n1032,economics
288,n1033,economy
94,n1034,ecosystem
144,n1035,ecs
13,n1036,edge
9,n1037,edp
39,n1038,education
17,n1039,educational
6,n1040,educator
4,n1041,eee
210,n1042,effect
97,n1043,effective
31,n1044,effectively
84,n1045,effectiveness
20,n1046,efficacy
215,n1047,efficiency
62,n1048,efficient
16,n1049,efficiently
55,n1050,effort
41,n1051,eh
16,n1052,ei
9,n1053,eia
9,n1054,eip
12,n1055,elaborate
2,n1056,elaboration
2,n1057,elderly
88,n1058,electric
4,n1059,electrical
16,n1060,electricity
5,n1061,electrification
6,n1062,electro
3,n1063,electrochemical
30,n1064,electronic
22,n1065,electronics
174,n1066,element
7,n1067,elements
2,n1068,elevator
4,n1069,eliminate
9,n1070,elles
4,n1071,elr
2,n1072,emanate
19,n1073,embed
4,n1074,embedded
4,n1075,embody
5,n1076,embrace
88,n1077,emerge
3,n1078,emergence
2,n1079,emergency
3,n1080,emergent
40,n1081,emergy
140,n1082,emission
17,n1083,emotion
7,n1084,emotional
16,n1085,emphasis
2,n1086,emphasise
23,n1087,emphasize
2,n1088,emphasizes
70,n1089,empirical
12,n1090,empirically
35,n1091,employ
20,n1092,employee
5,n1093,employment
16,n1094,empowerment
4,n1095,emsu
138,n1096,enable
20,n1097,enabler
12,n1098,enablers
7,n1099,enables
3,n1100,enabling
2,n1101,enact
5,n1102,enactment
6,n1103,encompass
11,n1104,encounter
10,n1105,encourage
2,n1106,encourages
71,n1107,end
2,n1108,endeavor
3,n1109,endeavour
4,n1110,energetic
488,n1111,energy
12,n1112,engage
9,n1113,engagement
25,n1114,engine
29,n1115,engineer
460,n1116,engineering
79,n1117,enhance
2,n1118,enhanced
10,n1119,enhancement
4,n1120,enhances
2,n1121,enjoyable
4,n1122,enlighten
3,n1123,enormous
3,n1124,enough
4,n1125,enrich
3,n1126,enrichment
4,n1127,ensemble
56,n1128,ensure
12,n1129,entail
7,n1130,enter
74,n1131,enterprise
22,n1132,entire
4,n1133,entirely
2,n1134,entities
9,n1135,entity
4,n1136,entrenchment
21,n1137,entrepreneur
3,n1138,entrepreneurial
12,n1139,entrepreneurship
5,n1140,entry
4,n1141,envelopment
168,n1142,environment
1054,n1143,environmental
30,n1144,environmentally
12,n1145,environnement
2,n1146,envisage
3,n1147,envision
16,n1148,eo
29,n1149,eol
4,n1150,ep
8,n1151,epes
2,n1152,episode
9,n1153,epos
4,n1154,epr
2,n1155,equal
10,n1156,equation
25,n1157,equator
9,n1158,equatorial
4,n1159,equip
66,n1160,equipment
6,n1161,equity
2,n1162,equivalent
68,n1163,equivocality
5,n1164,era
5,n1165,ericsson
4,n1166,erosion
8,n1167,error
15,n1168,es
3,n1169,escalate
4,n1170,esp
60,n1171,especially
4,n1172,espnet
42,n1173,essential
25,n1174,essp
75,n1175,establish
2,n1176,establishes
6,n1177,establishment
29,n1178,estimate
7,n1179,estimation
10,n1180,et
6,n1181,etc
4,n1182,ethical
11,n1183,eu
10,n1184,europe
52,n1185,european
116,n1186,evaluate
4,n1187,evaluates
385,n1188,evaluation
8,n1189,evaluative
43,n1190,even
13,n1191,event
3,n1192,eventually
8,n1193,ever
2,n1194,everyday
4,n1195,everything
19,n1196,evidence
2,n1197,evident
28,n1198,evolution
8,n1199,evolutionary
22,n1200,evolve
8,n1201,evoqua
25,n1202,evr
9,n1203,ex
2,n1204,exact
3,n1205,examination
69,n1206,examine
20,n1207,examines
109,n1208,example
9,n1209,examples
7,n1210,excellence
5,n1211,excellent
2,n1212,excess
2,n1213,excessive
60,n1214,exchange
4,n1215,excitation
2,n1216,exclude
4,n1217,exclusive
3,n1218,execute
29,n1219,execution
7,n1220,executive
5,n1221,exemplary
11,n1222,exemplify
3,n1223,exercise
3,n1224,exert
5,n1225,exhibit
200,n1226,exist
7,n1227,existence
2,n1228,existent
4,n1229,exner
16,n1230,expand
2,n1231,expanded
8,n1232,expansion
25,n1233,expatriate
48,n1234,expect
36,n1235,expectation
17,n1236,expenditure
4,n1237,expensive
98,n1238,experience
6,n1239,experiential
54,n1240,experiment
28,n1241,experimental
4,n1242,experimentation
49,n1243,expert
4,n1244,expertise
31,n1245,explain
19,n1246,explanation
13,n1247,explicit
6,n1248,explicitly
22,n1249,exploit
4,n1250,exploitation
9,n1251,exploitative
2,n1252,exploited
12,n1253,exploration
14,n1254,explorative
6,n1255,exploratory
108,n1256,explore
19,n1257,explorer
16,n1258,exponentially
4,n1259,export
2,n1260,expose
11,n1261,express
4,n1262,expression
3,n1263,extant
53,n1264,extend
2,n1265,extended
10,n1266,extension
14,n1267,extensive
18,n1268,extent
55,n1269,external
9,n1270,externality
16,n1271,extract
28,n1272,extraction
3,n1273,extremely
4,n1274,extrinsic
4,n1275,extterm
43,n1276,face
27,n1277,facebook
58,n1278,facilitate
15,n1279,facilitator
18,n1280,facility
25,n1281,fact
310,n1282,factor
35,n1283,factory
4,n1284,fahp
16,n1285,fail
2,n1286,fails
206,n1287,failure
6,n1288,fair
4,n1289,fairly
13,n1290,family
4,n1291,fan
33,n1292,far
49,n1293,farm
4,n1294,farther
18,n1295,fashion
25,n1296,fassi
8,n1297,fast
13,n1298,fastener
6,n1299,faster
23,n1300,fault
11,n1301,feasibility
7,n1302,feasible
163,n1303,feature
13,n1304,february
2,n1305,federal
4,n1306,federated
9,n1307,federation
30,n1308,fee
27,n1309,feed
36,n1310,feedback
2,n1311,felt
3,n1312,fertilization
4,n1313,fertilizer
2,n1314,few
9,n1315,ffcs
4,n1316,fhm
2,n1317,fictitious
259,n1318,field
14,n1319,figure
12,n1320,fill
2,n1321,film
27,n1322,filter
3,n1323,filtering
6,n1324,filtration
20,n1325,final
59,n1326,finally
3,n1327,finance
48,n1328,financial
2,n1329,financing
121,n1330,find
88,n1331,finding
3,n1332,fine
660,n1333,firm
125,n1334,first
15,n1335,firstly
4,n1336,fiscal
17,n1337,fit
8,n1338,fix
2,n1339,flame
2,n1340,fleet
14,n1341,flexibility
15,n1342,flexible
6,n1343,flight
4,n1344,float
2,n1345,floating
4,n1346,floor
138,n1347,flow
3,n1348,fluid
10,n1349,fmea
20,n1350,focal
293,n1351,focus
4,n1352,focused
4,n1353,foldability
67,n1354,follow
2,n1355,follower
91,n1356,food
18,n1357,footprint
5,n1358,for
18,n1359,force
28,n1360,forecast
4,n1361,foreign
2,n1362,foremost
25,n1363,foresight
172,n1364,forest
186,n1365,form
7,n1366,formal
4,n1367,formalization
11,n1368,formalize
3,n1369,format
6,n1370,formation
2,n1371,former
2,n1372,formerly
5,n1373,forming
12,n1374,formulate
5,n1375,formulation
3,n1376,forth
18,n1377,forward
26,n1378,fossil
17,n1379,foster
2,n1380,found
24,n1381,foundation
16,n1382,fourth
71,n1383,fp
16,n1384,fpd
13,n1385,fps
2,n1386,fraction
49,n1387,fragile
2,n1388,fragmentary
2,n1389,fragmented
15,n1390,frame
558,n1391,framework
2,n1392,fraunhofer
19,n1393,free
3,n1394,freedom
2,n1395,freight
4,n1396,french
14,n1397,frequency
5,n1398,frequent
6,n1399,frequently
23,n1400,friendly
2,n1401,from
5,n1402,front
4,n1403,frugal
2,n1404,fruitful
4,n1405,fse
12,n1406,fsqca
18,n1407,fssd
4,n1408,ftcp
41,n1409,fuel
20,n1410,fulfil
14,n1411,fulfill
4,n1412,fulfillment
17,n1413,full
18,n1414,fully
98,n1415,function
272,n1416,functional
41,n1417,functionality
8,n1418,fund
13,n1419,fundamental
2,n1420,furnace
23,n1421,furniture
52,n1422,furthermore
4,n1423,fuse
5,n1424,fusional
115,n1425,future
48,n1426,fuzzy
9,n1427,gac
55,n1428,gain
39,n1429,game
69,n1430,gap
18,n1431,gas
9,n1432,gasification
4,n1433,gasifier
2,n1434,gasoline
9,n1435,gate
5,n1436,gateway
17,n1437,gather
2,n1438,gathering
5,n1439,gdp
5,n1440,gearbox
16,n1441,gec
2,n1442,gem
66,n1443,general
2,n1444,generalization
2,n1445,generalize
22,n1446,generally
91,n1447,generate
2,n1448,generates
108,n1449,generation
2,n1450,generator
77,n1451,generic
2,n1452,genetic
8,n1453,geographical
2,n1454,geographically
2,n1455,geography
6,n1456,geometric
2,n1457,geometrical
4,n1458,german
6,n1459,germany
19,n1460,get
11,n1461,ghg
4,n1462,gi
4,n1463,gika
4,n1464,gip
114,n1465,give
10,n1466,glass
89,n1467,global
5,n1468,globalization
3,n1469,globalize
6,n1470,globally
52,n1471,glove
4,n1472,glyphosate
4,n1473,gmpps
4,n1474,gnss
39,n1475,go
93,n1476,goal
203,n1477,good
2,n1478,govern
40,n1479,governance
35,n1480,government
15,n1481,governmental
9,n1482,gpn
49,n1483,gpr
4,n1484,gpss
2,n1485,gradual
5,n1486,gradually
2,n1487,graduate
4,n1488,grain
3,n1489,grant
3,n1490,granularity
2,n1491,graph
6,n1492,graphical
42,n1493,great
5,n1494,greatly
228,n1495,green
10,n1496,greencharge
4,n1497,greenhouse
2,n1498,grey
23,n1499,grid
4,n1500,grippers
2,n1501,gross
6,n1502,ground
112,n1503,group
56,n1504,grow
116,n1505,growth
14,n1506,guarantee
49,n1507,guard
4,n1508,gui
15,n1509,guidance
24,n1510,guide
35,n1511,guideline
13,n1512,gwp
2,n1513,habit
16,n1514,haemorrhage
25,n1515,haemostasis
16,n1516,haemostatic
4,n1517,haiti
3,n1518,half
2,n1519,hamper
39,n1520,hand
14,n1521,handle
5,n1522,happen
17,n1523,haptic
9,n1524,harbor
9,n1525,harbour
7,n1526,hard
3,n1527,hardly
31,n1528,hardware
4,n1529,harsh
4,n1530,hazard
11,n1531,hazardous
25,n1532,hci
9,n1533,head
62,n1534,health
33,n1535,healthcare
5,n1536,healthy
18,n1537,heat
4,n1538,heating
4,n1539,heavier
2,n1540,heavily
13,n1541,heavy
2,n1542,hedonic
2,n1543,heis
111,n1544,help
4,n1545,helpful
25,n1546,hemcon
21,n1547,hence
4,n1548,herald
4,n1549,herein
10,n1550,heritage
15,n1551,heterogeneity
9,n1552,heterogeneous
2,n1553,heuristic
3,n1554,hierarchical
8,n1555,hierarchy
315,n1556,high
5,n1557,higher
74,n1558,highlight
40,n1559,highly
13,n1560,hill
8,n1561,hinder
4,n1562,historical
3,n1563,historically
15,n1564,history
7,n1565,hitherto
12,n1566,hoc
22,n1567,hold
4,n1568,holding
27,n1569,holistic
16,n1570,holonic
151,n1571,home
4,n1572,homeservices
2,n1573,hong
4,n1574,hope
2,n1575,horizon
44,n1576,hospital
64,n1577,hospitality
12,n1578,host
2,n1579,hot
12,n1580,hotel
5,n1581,hour
44,n1582,household
23,n1583,housing
9,n1584,hpp
6,n1585,huge
2,n1586,hughes
70,n1587,human
2,n1588,humanity
28,n1589,hybrid
9,n1590,hydraulic
116,n1591,hydrogen
4,n1592,hydrokinetic
2,n1593,hydrological
2,n1594,hydropower
11,n1595,hypotheses
13,n1596,hypothesis
2,n1597,hypothesize
2,n1598,hypothetical
9,n1599,iaf
17,n1600,ibm
49,n1601,ics
9,n1602,icse
144,n1603,ict
61,n1604,idea
4,n1605,ideal
2,n1606,ideas
2,n1607,ideation
2,n1608,identical
56,n1609,identification
4,n1610,identified
25,n1611,identifies
344,n1612,identify
2,n1613,identifying
2,n1614,identity
4,n1615,iec
3,n1616,ignore
4,n1617,illumination
49,n1618,illustrate
3,n1619,illustration
6,n1620,illustrative
4,n1621,im
14,n1622,image
2,n1623,imagine
2,n1624,immature
4,n1625,immediate
4,n1626,immersive
4,n1627,imminent
376,n1628,impact
2,n1629,impel
2,n1630,imperative
138,n1631,implement
162,n1632,implementation
2,n1633,implemented
62,n1634,implication
2,n1635,implicit
11,n1636,implies
13,n1637,imply
2,n1638,import
88,n1639,importance
173,n1640,important
200,n1641,improve
9,n1642,improved
121,n1643,improvement
85,n1644,improvisation
37,n1645,improvisational
2,n1646,impulse
15,n1647,inc
22,n1648,incentive
237,n1649,include
6,n1650,inclusion
21,n1651,income
27,n1652,incorporate
3,n1653,incorporating
5,n1654,incorporation
2,n1655,incorrect
350,n1656,increase
14,n1657,increased
52,n1658,increasingly
11,n1659,incremental
6,n1660,incubator
2,n1661,incumbent
3,n1662,incur
6,n1663,indeed
15,n1664,independent
3,n1665,independently
35,n1666,index
5,n1667,india
65,n1668,indicate
3,n1669,indication
742,n1670,indicator
4,n1671,indirect
9,n1672,indirectly
2,n1673,indispensable
110,n1674,individual
10,n1675,individualization
2,n1676,individualize
7,n1677,individualized
2,n1678,individually
4,n1679,individus
9,n1680,induce
2,n1681,induced
4,n1682,induction
3,n1683,inductive
660,n1684,industrial
9,n1685,industrialization
3,n1686,industrialize
9,n1687,industrialized
804,n1688,industry
25,n1689,inefficient
2,n1690,inevitable
3,n1691,inevitably
7,n1692,inference
137,n1693,influence
2,n1694,influenced
2,n1695,influential
15,n1696,inform
11,n1697,informal
6,n1698,informant
14,n1699,informatics
472,n1700,information
2,n1701,informational
3,n1702,informative
2,n1703,informed
130,n1704,infrastructure
4,n1705,infrastructures
9,n1706,infusion
5,n1707,inherent
2,n1708,inherently
3,n1709,inhibit
39,n1710,initial
2,n1711,initialize
3,n1712,initially
10,n1713,initiate
29,n1714,initiative
4,n1715,initiatives
2,n1716,injury
15,n1717,innovate
1285,n1718,innovation
130,n1719,innovative
2,n1720,inovao
45,n1721,input
4,n1722,inquiry
66,n1723,insight
2,n1724,insights
3,n1725,inspection
3,n1726,inspire
6,n1727,instal
2,n1728,install
117,n1729,installation
8,n1730,instance
13,n1731,instead
2,n1732,instill
6,n1733,institute
29,n1734,institution
10,n1735,institutional
2,n1736,instruction
23,n1737,instrument
6,n1738,insufficient
5,n1739,insurance
5,n1740,intake
3,n1741,intangibility
33,n1742,intangible
4,n1743,intangibles
13,n1744,integral
262,n1745,integrate
82,n1746,integrated
11,n1747,integrates
2,n1748,integrating
208,n1749,integration
8,n1750,integrative
5,n1751,integrator
2,n1752,integrity
19,n1753,intellectual
12,n1754,intelligence
45,n1755,intelligent
2,n1756,intelligently
26,n1757,intend
3,n1758,intense
3,n1759,intensify
13,n1760,intensity
54,n1761,intensive
2,n1762,intensively
35,n1763,intention
9,n1764,intentional
33,n1765,inter
16,n1766,interact
101,n1767,interaction
11,n1768,interactive
3,n1769,interconnect
2,n1770,interconnectedness
5,n1771,interconnection
5,n1772,interdepartmental
12,n1773,interdependency
2,n1774,interdependent
5,n1775,interdisciplinary
56,n1776,interest
2,n1777,interested
8,n1778,interesting
31,n1779,interface
4,n1780,interior
9,n1781,interlock
69,n1782,intermediary
36,n1783,internal
43,n1784,international
18,n1785,internet
18,n1786,interoperability
4,n1787,interpersonal
7,n1788,interplay
12,n1789,interpret
9,n1790,interpretation
2,n1791,interprets
2,n1792,interrelation
8,n1793,interrelationship
4,n1794,intersection
13,n1795,interval
11,n1796,intervention
61,n1797,interview
2,n1798,intra
16,n1799,intrieur
12,n1800,intrinsic
2,n1801,intrinsically
92,n1802,introduce
17,n1803,introduces
27,n1804,introduction
2,n1805,intuition
4,n1806,intuitionistic
4,n1807,intuitive
2,n1808,intuitively
2,n1809,inventive
13,n1810,inventory
7,n1811,invest
109,n1812,investigate
3,n1813,investigated
2,n1814,investigates
17,n1815,investigation
46,n1816,investment
79,n1817,involve
51,n1818,involvement
5,n1819,iot
25,n1820,ipa
4,n1821,iphone
9,n1822,ipr
4,n1823,ips
1137,n1824,ips2
61,n1825,ipso
12,n1826,ipsos
52,n1827,ipss
4,n1828,ir
196,n1829,iri
16,n1830,irrigation
13,n1831,is
16,n1832,iscl
36,n1833,islamic
2,n1834,isolated
16,n1835,isolators
9,n1836,isonorm
9,n1837,isp
25,n1838,israeli
264,n1839,issue
90,n1840,it
7,n1841,italian
14,n1842,italy
18,n1843,item
4,n1844,iterative
8,n1845,japan
7,n1846,japanese
3,n1847,java
4,n1848,jcp
6,n1849,job
4,n1850,join
15,n1851,joint
6,n1852,jointly
45,n1853,journal
6,n1854,journey
2,n1855,judgement
2,n1856,judgment
4,n1857,july
4,n1858,kano
9,n1859,kansei
17,n1860,keep
2,n1861,kernel
176,n1862,key
9,n1863,keyboard
5,n1864,keynote
2,n1865,keystone
3,n1866,keywords
20,n1867,kg
61,n1868,kibs
4,n1869,kilometer
23,n1870,kind
4,n1871,kinematic
3,n1872,kingdom
100,n1873,kiss
16,n1874,kissa
16,n1875,km
32,n1876,know
778,n1877,knowledge
6,n1878,known
2,n1879,kong
10,n1880,korea
40,n1881,kpis
16,n1882,ksb
16,n1883,kt
144,n1884,la
51,n1885,label
9,n1886,labor
44,n1887,laboratory
5,n1888,labour
2,n1889,labs
67,n1890,lack
13,n1891,lag
17,n1892,land
15,n1893,landscape
27,n1894,language
4,n1895,languages
136,n1896,large
13,n1897,largely
43,n1898,last
2,n1899,lastly
6,n1900,late
4,n1901,later
5,n1902,latin
4,n1903,latitude
9,n1904,latitudinal
10,n1905,latter
3,n1906,launch
19,n1907,law
3,n1908,lay
103,n1909,layer
18,n1910,layout
4,n1911,lc
226,n1912,lca
12,n1913,lcc
2,n1914,lci
9,n1915,lcia
4,n1916,lcops
5,n1917,lcs
5,n1918,le
103,n1919,lead
3,n1920,leader
86,n1921,leadership
3,n1922,leading
241,n1923,lean
25,n1924,leanness
139,n1925,learn
4,n1926,learner
35,n1927,learning
85,n1928,lease
4,n1929,leasing
36,n1930,least
4,n1931,leave
3,n1932,legal
5,n1933,legislation
4,n1934,legitimacy
3,n1935,length
4,n1936,lenses
46,n1937,less
36,n1938,lesson
2,n1939,let
554,n1940,level
13,n1941,lever
16,n1942,leverage
43,n1943,library
2,n1944,license
6,n1945,lie
494,n1946,life
187,n1947,lifecycle
19,n1948,lifecycles
2,n1949,lifespan
3,n1950,lifestyle
13,n1951,lifetime
45,n1952,light
5,n1953,likelihood
5,n1954,likely
47,n1955,limit
17,n1956,limitation
20,n1957,limited
34,n1958,line
26,n1959,linear
2,n1960,linguistic
44,n1961,link
14,n1962,linkage
22,n1963,list
331,n1964,literature
4,n1965,litre
17,n1966,little
14,n1967,live
2,n1968,livelihood
5,n1969,livestock
2,n1970,living
4,n1971,livinglabs
6,n1972,llc
9,n1973,lmt
26,n1974,load
28,n1975,local
3,n1976,locally
23,n1977,locate
13,n1978,location
46,n1979,logic
18,n1980,logistics
85,n1981,long
9,n1982,longer
2,n1983,longitudinal
10,n1984,look
83,n1985,loop
7,n1986,lose
20,n1987,loss
9,n1988,lot
102,n1989,low
22,n1990,loyalty
5,n1991,ltd
173,n1992,machine
23,n1993,machinery
3,n1994,machining
2,n1995,macro
3,n1996,magnitude
64,n1997,mainly
8,n1998,mainstream
19,n1999,maintain
6,n2000,maintainability
771,n2001,maintenance
54,n2002,major
12,n2003,majority
249,n2004,make
36,n2005,maker
19,n2006,making
4,n2007,malfunction
60,n2008,manage
580,n2009,management
34,n2010,manager
24,n2011,managerial
4,n2012,mandate
3,n2013,mandatory
2,n2014,manifold
13,n2015,manipulate
15,n2016,manner
12,n2017,manual
347,n2018,manufacture
234,n2019,manufacturer
357,n2020,manufacturing
132,n2021,map
7,n2022,mapping
8,n2023,march
9,n2024,marine
4,n2025,maritime
4,n2026,mark
712,n2027,market
4,n2028,marketable
73,n2029,marketing
12,n2030,marketplace
42,n2031,mass
4,n2032,massive
4,n2033,mastery
12,n2034,match
129,n2035,material
3,n2036,mathematical
2,n2037,matlab
17,n2038,matrix
4,n2039,matter
7,n2040,mature
95,n2041,maturity
6,n2042,maximise
8,n2043,maximize
5,n2044,maximum
17,n2045,mc
17,n2046,mcdm
9,n2047,mcm
9,n2048,mddi
5,n2049,mdm
69,n2050,mean
11,n2051,meaning
3,n2052,meaningful
4,n2053,meanwhile
123,n2054,measure
34,n2055,measurement
5,n2056,mechanic
22,n2057,mechanical
90,n2058,mechanism
12,n2059,mechanisms
4,n2060,mediate
24,n2061,medical
4,n2062,medication
5,n2063,mediterranean
63,n2064,medium
43,n2065,meet
24,n2066,meeting
20,n2067,member
6,n2068,membrane
11,n2069,memory
11,n2070,mention
2,n2071,mere
3,n2072,merge
4,n2073,merit
4,n2074,merminod
5,n2075,meso
6,n2076,message
10,n2077,meta
4,n2078,metabolic
2,n2079,metabolism
16,n2080,metadata
17,n2081,metal
4,n2082,metamodel
15,n2083,meter
1023,n2084,method
7,n2085,methodical
33,n2086,methodological
251,n2087,methodology
69,n2088,metric
3,n2089,metropolitan
5,n2090,mevis
64,n2091,mg
28,n2092,micro
10,n2093,microfoundations
4,n2094,microscatter
2,n2095,microsystems
8,n2096,middle
35,n2097,military
25,n2098,milk
2,n2099,milling
2,n2100,mind
6,n2101,mindset
6,n2102,mine
5,n2103,minimal
7,n2104,minimise
2,n2105,minimization
10,n2106,minimize
4,n2107,minimum
20,n2108,mining
2,n2109,ministry
2,n2110,minor
4,n2111,misalignment
16,n2112,miss
6,n2113,mission
9,n2114,mitigate
12,n2115,mitigation
14,n2116,mix
14,n2117,mixed
4,n2118,mj
9,n2119,mlc
4,n2120,mnes
116,n2121,mobile
76,n2122,mobility
35,n2123,mode
2724,n2124,model
9,n2125,modeling
5,n2126,modelling
12,n2127,moderate
21,n2128,modern
4,n2129,modernization
8,n2130,modification
10,n2131,modify
7,n2132,modular
112,n2133,module
9,n2134,mol
2,n2135,molecular
26,n2136,monetary
9,n2137,money
21,n2138,monitor
17,n2139,monitoring
28,n2140,month
19,n2141,moreover
2,n2142,morph
9,n2143,mostly
2,n2144,motion
7,n2145,motivate
8,n2146,motivation
4,n2147,motor
26,n2148,mouth
46,n2149,move
8,n2150,movement
4,n2151,movie
26,n2152,mro
4,n2153,ms3
4,n2154,mse
25,n2155,mspc
4,n2156,mst
36,n2157,much
16,n2158,mucoadhesive
53,n2159,multi
10,n2160,multidimensional
8,n2161,multidisciplinary
3,n2162,multifunctional
3,n2163,multilevel
4,n2164,multimodal
5,n2165,multimodality
7,n2166,multinational
59,n2167,multiple
3,n2168,multitude
9,n2169,multivariate
8,n2170,municipal
2,n2171,municipality
2,n2172,music
5,n2173,mutual
5,n2174,mutually
9,n2175,name
15,n2176,namely
2,n2177,narrow
2,n2178,nation
41,n2179,national
33,n2180,natural
16,n2181,naturalization
27,n2182,nature
5,n2183,navigation
16,n2184,nba
4,n2185,ndts
4,n2186,nearly
4,n2187,necessarily
45,n2188,necessary
2,n2189,necessitate
9,n2190,necessity
441,n2191,need
4,n2192,needs
50,n2193,negative
2,n2194,negatively
6,n2195,neglect
11,n2196,negotiate
13,n2197,negotiation
11,n2198,neighborhood
4,n2199,neq
6,n2200,net
3,n2201,netherlands
339,n2202,network
3,n2203,networked
6,n2204,neural
2,n2205,neutral
20,n2206,nevertheless
4,n2207,newer
4,n2208,newly
2,n2209,news
11,n2210,next
9,n2211,nfd
9,n2212,niche
9,n2213,nns
4,n2214,node
2,n2215,noise
59,n2216,non
2,n2217,nonclinical
2,n2218,noncompliance
3,n2219,none
7,n2220,nonetheless
5,n2221,norm
2,n2222,normally
2,n2223,normative
8,n2224,north
5,n2225,notable
6,n2226,notably
3,n2227,note
4,n2228,noteworthy
4,n2229,noticeable
28,n2230,notion
47,n2231,novel
3,n2232,novelty
16,n2233,nowadays
18,n2234,npd
16,n2235,nris
98,n2236,number
2,n2237,numeric
8,n2238,numerical
7,n2239,numerous
4,n2240,obesity
33,n2241,object
84,n2242,objective
2,n2243,objectives
2,n2244,oblige
8,n2245,observation
4,n2246,observatory
7,n2247,observe
7,n2248,obsolescence
5,n2249,obstacle
47,n2250,obtain
2,n2251,obvious
16,n2252,occur
2,n2253,occurrence
16,n2254,odbms
2,n2255,oecd
10,n2256,oem
26,n2257,oems
302,n2258,offer
117,n2259,offering
24,n2260,office
93,n2261,offs
4,n2262,offshore
38,n2263,often
4,n2264,oic
21,n2265,oil
2,n2266,oilfield
4,n2267,old
9,n2268,ole
4,n2269,olson
17,n2270,om
13,n2271,one
4,n2272,ongoing
66,n2273,online
3,n2274,ontological
61,n2275,ontology
66,n2276,open
4,n2277,openness
4,n2278,operant
41,n2279,operate
4,n2280,operating
153,n2281,operation
53,n2282,operational
2,n2283,operationalization
10,n2284,operationalizing
13,n2285,operator
2,n2286,opex
11,n2287,opinion
2,n2288,opportunities
123,n2289,opportunity
4,n2290,oppose
27,n2291,optimal
16,n2292,optimisation
10,n2293,optimise
2,n2294,optimistic
35,n2295,optimization
16,n2296,optimize
2,n2297,optimum
218,n2298,option
16,n2299,orbit
234,n2300,order
2,n2301,ordinal
3,n2302,ordinary
2,n2303,ordinate
4,n2304,organic
12,n2305,organisation
33,n2306,organisational
3,n2307,organise
150,n2308,organization
352,n2309,organizational
17,n2310,organize
211,n2311,orient
2,n2312,orientate
47,n2313,orientation
4,n2314,oriented
21,n2315,original
9,n2316,originate
3,n2317,osmosis
10,n2318,others
22,n2319,outcome
6,n2320,outcomes
2,n2321,outlet
19,n2322,outline
3,n2323,outlook
6,n2324,outperform
3,n2325,outperforms
17,n2326,output
4,n2327,outside
5,n2328,outsource
2,n2329,outstanding
44,n2330,overall
2,n2331,overarch
25,n2332,overcome
105,n2333,overhaul
4,n2334,overhead
2,n2335,overlap
3,n2336,overload
3,n2337,overlook
2,n2338,overstate
18,n2339,overview
2,n2340,overwhelm
4,n2341,own
7,n2342,owner
45,n2343,ownership
2,n2344,pacific
10,n2345,package
3,n2346,packaging
2,n2347,palavras
4,n2348,palsy
38,n2349,paradigm
5,n2350,paradigms
6,n2351,parallel
81,n2352,parameter
2,n2353,paran
91,n2354,park
174,n2355,part
4,n2356,partial
5,n2357,partially
15,n2358,participant
8,n2359,participate
30,n2360,participation
2,n2361,participatory
4,n2362,particle
107,n2363,particular
39,n2364,particularly
36,n2365,partition
3,n2366,partly
71,n2367,partner
32,n2368,partnership
13,n2369,party
8,n2370,pass
4,n2371,passenger
5,n2372,passive
10,n2373,past
176,n2374,patent
34,n2375,path
19,n2376,pathway
2,n2377,pathways
36,n2378,patient
77,n2379,pattern
2,n2380,paucity
2,n2381,pave
224,n2382,pay
4,n2383,payload
3,n2384,payment
16,n2385,pbc
4,n2386,pbfs
2,n2387,pca
5,n2388,pcb
16,n2389,pcp
2,n2390,peak
2,n2391,peculiarity
25,n2392,ped
2,n2393,pedelec
2,n2394,penetrate
3,n2395,penetration
4,n2396,penrose
9,n2397,pension
4,n2398,pensioner
50,n2399,people
60,n2400,perceive
2,n2401,perceived
3,n2402,percentage
43,n2403,perception
4,n2404,perceptual
58,n2405,perform
665,n2406,performance
2,n2407,performed
6,n2408,performs
49,n2409,period
2,n2410,perishability
5,n2411,permanently
2,n2412,permit
4,n2413,persistent
6,n2414,person
19,n2415,personal
9,n2416,personality
22,n2417,personalization
6,n2418,personalize
7,n2419,personalized
5,n2420,personnel
236,n2421,perspective
23,n2422,perspectives
3,n2423,pertain
3,n2424,pertinent
4,n2425,perturbation
5,n2426,pervasive
16,n2427,pest
2,n2428,petroleum
16,n2429,pharmacist
49,n2430,pharmacy
181,n2431,phase
29,n2432,phenomenon
12,n2433,philosophy
9,n2434,phm
38,n2435,phone
2,n2436,photovoltaic
286,n2437,physical
5,n2438,picture
3,n2439,piece
3,n2440,pillar
6,n2441,pilot
2,n2442,pinpoint
3,n2443,pioneer
9,n2444,pis
27,n2445,place
258,n2446,plan
3,n2447,planet
2,n2448,planner
100,n2449,planning
16,n2450,plant
8,n2451,plastic
4,n2452,plate
120,n2453,platform
38,n2454,play
4,n2455,player
33,n2456,plm
2,n2457,plug
5,n2458,pm
4,n2459,pneumallergnes
131,n2460,point
422,n2461,policy
2,n2462,policymakers
36,n2463,polish
4,n2464,political
2,n2465,pollination
16,n2466,polluants
2,n2467,pollutant
4,n2468,pollution
81,n2469,pomace
14,n2470,pool
3,n2471,poor
15,n2472,popular
3,n2473,popularity
2,n2474,popularization
9,n2475,population
9,n2476,port
26,n2477,portfolio
2,n2478,portion
4,n2479,pos
7,n2480,pose
49,n2481,position
2,n2482,positioning
29,n2483,positive
17,n2484,positively
4,n2485,posse
2,n2486,possession
28,n2487,possibility
75,n2488,possible
8,n2489,post
4,n2490,posterior
4,n2491,posture
265,n2492,potential
2,n2493,potentially
16,n2494,pots
36,n2495,power
3,n2496,powerful
50,n2497,practical
397,n2498,practice
33,n2499,practitioner
4,n2500,pragmatic
49,n2501,pram
12,n2502,pre
3,n2503,precede
5,n2504,precious
10,n2505,precipitation
2,n2506,precise
7,n2507,precisely
15,n2508,precision
5,n2509,preclinical
2,n2510,predefined
53,n2511,predict
21,n2512,prediction
2,n2513,predictive
6,n2514,predominant
6,n2515,predominantly
2,n2516,prefer
56,n2517,preference
26,n2518,preliminary
4,n2519,premise
2,n2520,premium
2,n2521,preparation
2,n2522,prepare
2,n2523,prepared
4,n2524,prerequisite
2,n2525,prescribe
4,n2526,prescription
2,n2527,prescriptive
6,n2528,presence
467,n2529,present
7,n2530,presentation
5,n2531,presented
2,n2532,preservation
2,n2533,preserve
24,n2534,pressure
5,n2535,prevail
2,n2536,prevalent
11,n2537,prevent
211,n2538,prevention
2,n2539,preventive
29,n2540,previous
4,n2541,previously
48,n2542,price
36,n2543,pricing
14,n2544,primarily
24,n2545,primary
4,n2546,primitive
7,n2547,principal
89,n2548,principle
2,n2549,principles
46,n2550,print
2,n2551,printing
4,n2552,printout
3,n2553,prior
6,n2554,prioritise
8,n2555,prioritize
24,n2556,priority
65,n2557,privacy
24,n2558,private
2,n2559,privately
3,n2560,pro
6,n2561,proactive
10,n2562,probability
2,n2563,probably
205,n2564,problem
6,n2565,problematic
30,n2566,procedure
2,n2567,proceed
2419,n2568,process
11,n2569,processing
4,n2570,procoagulant
6,n2571,procure
10,n2572,procurement
74,n2573,produce
55,n2574,producer
7130,n2575,product
448,n2576,production
9,n2577,productisation
10,n2578,productive
23,n2579,productivity
7,n2580,professional
4,n2581,proficiency
13,n2582,profile
41,n2583,profit
6,n2584,profitability
8,n2585,profitable
3,n2586,profound
3,n2587,prognosis
6,n2588,prognostic
74,n2589,program
11,n2590,programme
10,n2591,progress
2,n2592,progressive
2,n2593,progressively
392,n2594,project
4,n2595,prominent
23,n2596,promise
13,n2597,promising
48,n2598,promote
4,n2599,promoter
4,n2600,promotion
2,n2601,pronounce
6,n2602,proof
3,n2603,propagation
16,n2604,proper
12,n2605,properly
22,n2606,property
2,n2607,proportional
5,n2608,proposed
3,n2609,proposes
29,n2610,proposition
2,n2611,proregio
4,n2612,prospect
6,n2613,prospective
3,n2614,prosperity
5,n2615,protect
11,n2616,protection
4,n2617,protocol
35,n2618,prototype
2,n2619,prototypic
2,n2620,prototypical
33,n2621,prototyping
9,n2622,prova
11,n2623,prove
2,n2624,proven
644,n2625,provide
358,n2626,provider
2,n2627,province
74,n2628,provision
2,n2629,provoke
3,n2630,proximity
2,n2631,proxy
25,n2632,prvalence
4,n2633,prvention
2,n2634,ps
26,n2635,pso
6349,n2636,pss
76,n2637,psss
9,n2638,pssycle
36,n2639,psv
16,n2640,psws
7,n2641,psychological
73,n2642,public
26,n2643,publication
61,n2644,publish
3,n2645,pull
44,n2646,pump
16,n2647,pumpback
93,n2648,purchase
12,n2649,purchasing
11,n2650,pure
2,n2651,purely
75,n2652,purpose
6,n2653,pursue
5,n2654,push
17,n2655,put
21,n2656,pv
9,n2657,pvc
4,n2658,qca
10,n2659,qfd
4,n2660,qivive
16,n2661,quadrant
9,n2662,quadruple
33,n2663,qualitative
186,n2664,quality
3,n2665,quantification
2,n2666,quantifies
13,n2667,quantify
10,n2668,quantile
30,n2669,quantitative
5,n2670,quantitatively
13,n2671,quantity
2,n2672,quarter
2,n2673,quasi
3,n2674,query
46,n2675,question
34,n2676,questionnaire
4,n2677,queue
8,n2678,quickly
25,n2679,quikclot
5,n2680,quite
4,n2681,quotation
21,n2682,radical
2,n2683,radically
2,n2684,radio
25,n2685,radiology
21,n2686,rail
16,n2687,raise
4,n2688,ramp
5,n2689,random
98,n2690,range
41,n2691,rank
3,n2692,ranking
42,n2693,rapid
8,n2694,rapidly
8,n2695,rare
7,n2696,rarely
88,n2697,rate
44,n2698,rather
17,n2699,rating
29,n2700,ratio
2,n2701,rational
9,n2702,rationale
4,n2703,rationalization
4,n2704,ratios
6,n2705,raw
4,n2706,re
30,n2707,reach
2,n2708,reaching
8,n2709,react
3,n2710,reaction
5,n2711,reactive
9,n2712,reactor
2,n2713,reader
17,n2714,readiness
18,n2715,ready
106,n2716,real
3,n2717,realise
5,n2718,realistic
13,n2719,reality
10,n2720,realization
72,n2721,realize
2,n2722,realizing
4,n2723,really
5,n2724,realm
52,n2725,reason
5,n2726,reasonable
49,n2727,rebound
14,n2728,receive
3,n2729,receiver
19,n2730,recently
4,n2731,receptivity
2,n2732,recipient
2,n2733,recognise
13,n2734,recognition
16,n2735,recognize
10,n2736,recommend
100,n2737,recommendation
18,n2738,recommender
9,n2739,reconfigurability
7,n2740,reconfigurable
3,n2741,reconfiguration
2,n2742,reconfigure
2,n2743,reconfigured
2,n2744,reconfiguring
8,n2745,record
3,n2746,recover
8,n2747,recovery
4,n2748,recreation
2,n2749,recurrent
132,n2750,recycle
5,n2751,recycling
5,n2752,redefinition
6,n2753,redesign
129,n2754,reduce
4,n2755,reduces
30,n2756,reduction
2,n2757,reductionist
4,n2758,redundancy
4,n2759,redundant
4,n2760,ree
22,n2761,refer
61,n2762,reference
2,n2763,refers
10,n2764,refine
5,n2765,refinery
26,n2766,reflect
4,n2767,reflection
2,n2768,refurbishment
123,n2769,regard
2,n2770,regardless
2,n2771,regenerative
2,n2772,regime
88,n2773,region
66,n2774,regional
22,n2775,regression
30,n2776,regular
62,n2777,regulation
20,n2778,regulatory
9,n2779,rehabilitation
4,n2780,reichwald
17,n2781,reimbursement
4,n2782,reinterpret
118,n2783,relate
75,n2784,related
50,n2785,relation
8,n2786,relational
323,n2787,relationship
6,n2788,relationships
13,n2789,relative
19,n2790,relatively
6,n2791,release
21,n2792,relevance
68,n2793,relevant
15,n2794,reliability
12,n2795,reliable
4,n2796,reliance
2,n2797,relieve
5,n2798,relocation
8,n2799,rely
34,n2800,remain
2,n2801,remanufacturable
19,n2802,remanufactured
88,n2803,remanufacturing
2,n2804,remark
4,n2805,remedy
23,n2806,remote
4,n2807,removal
5,n2808,remove
10,n2809,render
10,n2810,renewable
2,n2811,renewal
5,n2812,rent
2,n2813,rental
63,n2814,repair
2,n2815,repairable
18,n2816,replace
2,n2817,replacement
36,n2818,report
7,n2819,repository
61,n2820,represent
22,n2821,representation
20,n2822,representative
15,n2823,request
168,n2824,require
2,n2825,required
326,n2826,requirement
2,n2827,requisite
9,n2828,reredp
31,n2829,researcher
2,n2830,reservation
17,n2831,reset
2,n2832,residential
3,n2833,residual
16,n2834,residue
7,n2835,resolution
9,n2836,resolve
543,n2837,resource
17,n2838,respect
9,n2839,respective
17,n2840,respectively
19,n2841,respond
6,n2842,respondent
4,n2843,responder
43,n2844,response
5,n2845,responses
28,n2846,responsibility
5,n2847,responsible
5,n2848,rest
4,n2849,restrict
81,n2850,restructure
2,n2851,restructuring
486,n2852,result
5,n2853,resultant
49,n2854,resygen
7,n2855,retail
3,n2856,retailer
6,n2857,retain
2,n2858,retardant
3,n2859,retention
5,n2860,rethink
2,n2861,retirement
15,n2862,retrieval
2,n2863,retrieve
3,n2864,retrofit
19,n2865,return
12,n2866,reusability
5,n2867,reusable
93,n2868,reuse
23,n2869,reveal
16,n2870,reveals
59,n2871,revenue
23,n2872,reverse
193,n2873,review
16,n2874,revise
4,n2875,revision
10,n2876,revisit
2,n2877,revolution
5,n2878,reward
18,n2879,rfid
5,n2880,rich
20,n2881,right
6,n2882,rigorous
38,n2883,rise
178,n2884,risk
25,n2885,river
2,n2886,ro
11,n2887,road
14,n2888,roadmap
3,n2889,roboforming
30,n2890,robot
2,n2891,robotic
2,n2892,robotics
17,n2893,robust
6,n2894,robustness
4,n2895,roia
342,n2896,role
4,n2897,roles
3,n2898,roll
86,n2899,room
4,n2900,root
9,n2901,ror
4,n2902,rough
6,n2903,rout
7,n2904,route
169,n2905,rp
4,n2906,rss
4,n2907,rul
64,n2908,rule
15,n2909,run
11,n2910,rural
4,n2911,rwl
17,n2912,safety
3,n2913,sake
312,n2914,sale
2,n2915,salient
4,n2916,salvador
4,n2917,sam
26,n2918,sample
26,n2919,san
4,n2920,sans
4,n2921,satellite
153,n2922,satisfaction
3,n2923,satisfactorily
2,n2924,satisfactory
30,n2925,satisfy
67,n2926,save
10,n2927,saving
5,n2928,say
4,n2929,sbes
2,n2930,scalability
4,n2931,scalable
97,n2932,scale
6,n2933,scarce
5,n2934,scarcity
5,n2935,scatter
128,n2936,scenario
35,n2937,schedule
5,n2938,schema
60,n2939,scheme
2,n2940,schlumberger
13,n2941,scholar
2,n2942,scholarly
81,n2943,science
34,n2944,scientific
2,n2945,scientist
15,n2946,scope
12,n2947,score
5,n2948,scorecard
25,n2949,scp
2,n2950,screen
2,n2951,script
4,n2952,scua
64,n2953,sdc
4,n2954,sdg
25,n2955,sdr
25,n2956,se
8,n2957,sea
4,n2958,seal
2,n2959,seamless
100,n2960,search
13,n2961,season
17,n2962,seasonal
44,n2963,second
5,n2964,secondary
13,n2965,secondly
25,n2966,section
317,n2967,sector
2,n2968,sectoral
3,n2969,secure
64,n2970,security
27,n2971,see
2,n2972,seed
21,n2973,seek
65,n2974,seem
33,n2975,segment
5,n2976,segmentation
2,n2977,seize
4,n2978,sej
4,n2979,seldom
99,n2980,select
48,n2981,selection
4,n2982,selective
5,n2983,selects
26,n2984,self
43,n2985,sell
5,n2986,seller
7,n2987,selling
10,n2988,sem
12,n2989,semantic
12,n2990,semi
2,n2991,send
20,n2992,sense
2,n2993,sensemaking
11,n2994,sensitive
21,n2995,sensitivity
21,n2996,sensor
37,n2997,sentiment
16,n2998,sep
14,n2999,separate
7,n3000,separately
29,n3001,separation
16,n3002,september
5,n3003,sequence
2,n3004,sequential
6,n3005,serf
7,n3006,series
38,n3007,serve
39,n3008,server
11049,n3009,service
5,n3010,serviceability
3,n3011,servicisation
78,n3012,servicizing
11,n3013,servitisation
316,n3014,servitization
11,n3015,servitized
3,n3016,servitizing
6,n3017,servqual
9,n3018,session
169,n3019,set
10,n3020,setting
10,n3021,setup
78,n3022,several
2,n3023,severe
82,n3024,shape
268,n3025,share
2,n3026,sharp
6,n3027,shed
5,n3028,sheet
4,n3029,shelf
2,n3030,shelter
66,n3031,shift
6,n3032,ship
13,n3033,shock
8,n3034,shop
12,n3035,short
6,n3036,shortage
8,n3037,shortcoming
4,n3038,shorten
5,n3039,shorter
252,n3040,show
4,n3041,shower
4,n3042,showing
25,n3043,shs
13,n3044,shss
4,n3045,shy
10,n3046,si
23,n3047,side
5,n3048,siemens
6,n3049,sign
30,n3050,signal
8,n3051,significance
69,n3052,significant
24,n3053,significantly
25,n3054,similar
97,n3055,similarity
14,n3056,simple
2,n3057,simplicity
2,n3058,simplified
19,n3059,simplify
4,n3060,simply
13,n3061,simulate
129,n3062,simulation
9,n3063,simulator
3,n3064,simultaneous
12,n3065,simultaneously
3,n3066,singapore
34,n3067,single
4,n3068,sinistra
7,n3069,sit
11,n3070,site
79,n3071,situation
2,n3072,sixteen
36,n3073,size
3,n3074,sized
102,n3075,skill
4,n3076,skilled
9,n3077,sll
9,n3078,slm
5,n3079,slow
5,n3080,sludge
38,n3081,small
9,n3082,smallholder
106,n3083,smart
14,n3084,sme
5,n3085,smelter
62,n3086,smes
100,n3087,sneaker
25,n3088,snm
4,n3089,so
5,n3090,soa
325,n3091,social
19,n3092,societal
66,n3093,society
39,n3094,socio
2,n3095,socioeconomic
2,n3096,sociological
2,n3097,sociology
40,n3098,sociotechnical
9,n3099,sodsc
275,n3100,software
28,n3101,soil
50,n3102,solar
4,n3103,solarization
2,n3104,sole
3,n3105,solely
4,n3106,solid
4,n3107,solstice
482,n3108,solution
45,n3109,solve
26,n3110,som
2,n3111,sometimes
4,n3112,sont
2,n3113,sophisticate
5,n3114,sophisticated
3,n3115,sort
4,n3116,sorting
4,n3117,sos
13,n3118,sound
70,n3119,source
5,n3120,south
5,n3121,southeast
2,n3122,southern
23,n3123,space
9,n3124,span
6,n3125,spanish
2,n3126,spare
6,n3127,sparse
9,n3128,spatial
25,n3129,spatialized
78,n3130,special
3,n3131,specialise
3,n3132,specialises
6,n3133,specialist
50,n3134,specialization
4,n3135,specialize
2,n3136,specialty
2,n3137,specie
187,n3138,specific
30,n3139,specifically
29,n3140,specification
2,n3141,specificity
14,n3142,specify
9,n3143,spectral
4,n3144,spectrum
6,n3145,speed
4,n3146,spend
4,n3147,spender
5,n3148,spillover
81,n3149,spin
11,n3150,spindle
4,n3151,spips
4,n3152,spite
9,n3153,spms
2,n3154,sporadic
4,n3155,sport
10,n3156,spread
4,n3157,spreadsheet
4,n3158,spring
13,n3159,spsd
20,n3160,spss
9,n3161,sqa
144,n3162,sr
4,n3163,ssd
25,n3164,sse
25,n3165,sst
6,n3166,stability
4,n3167,stable
12,n3168,staff
2,n3169,stag
126,n3170,stage
174,n3171,stakeholder
7,n3172,stand
100,n3173,standard
2,n3174,standardise
11,n3175,standardization
2,n3176,standardize
3,n3177,standpoint
43,n3178,start
162,n3179,state
11,n3180,statement
4,n3181,static
78,n3182,station
5,n3183,statistic
3,n3184,statistical
30,n3185,status
15,n3186,stay
2,n3187,steadily
47,n3188,steel
13,n3189,steer
107,n3190,step
4,n3191,stevenson
11,n3192,stewardship
70,n3193,still
10,n3194,stimulate
4,n3195,stlca
11,n3196,stochastic
48,n3197,stock
5,n3198,stop
25,n3199,stopper
16,n3200,store
3,n3201,straightforward
161,n3202,strategic
3,n3203,strategically
3,n3204,strategies
508,n3205,strategy
2,n3206,straw
43,n3207,stream
2,n3208,streamline
5,n3209,strength
7,n3210,strengthen
7,n3211,strengths
10,n3212,stress
8,n3213,strive
18,n3214,strong
7,n3215,strongly
22,n3216,structural
10,n3217,structuration
102,n3218,structure
14,n3219,structured
3,n3220,struggle
14,n3221,student
2,n3222,studied
6,n3223,style
77,n3224,sub
2,n3225,subcategories
17,n3226,subject
6,n3227,subjective
4,n3228,submarine
2,n3229,submerge
16,n3230,subscriber
6,n3231,subsequent
12,n3232,subsequently
4,n3233,subsidiary
10,n3234,substance
8,n3235,substantial
9,n3236,substantially
2,n3237,substantiate
2,n3238,substantive
3,n3239,substitution
6,n3240,subsystem
5,n3241,subsystems
6,n3242,succeed
50,n3243,success
39,n3244,successful
28,n3245,successfully
2,n3246,succession
4,n3247,successive
4,n3248,suez
3,n3249,suffer
12,n3250,sufficient
4,n3251,sufficiently
2,n3252,suggested
21,n3253,suggestion
2,n3254,suggests
6,n3255,suit
5,n3256,suitability
30,n3257,suitable
2,n3258,suite
2,n3259,suited
3,n3260,sum
3,n3261,summarise
11,n3262,summarize
4,n3263,summer
11,n3264,superior
2,n3265,supplement
6,n3266,supplementary
267,n3267,supplier
156,n3268,supply
772,n3269,support
2,n3270,supportability
3,n3271,suppose
7,n3272,surface
5,n3273,surplus
4,n3274,surround
100,n3275,survey
4,n3276,survive
6,n3277,sustain
1296,n3278,sustainability
972,n3279,sustainable
8,n3280,svm
5,n3281,swap
3,n3282,swarm
22,n3283,sweden
20,n3284,swedish
3,n3285,switch
84,n3286,symbiosis
4,n3287,symbolic
3,n3288,synergistically
7,n3289,synergy
4,n3290,synthesis
2,n3291,synthesize
4788,n3292,system
61,n3293,systematic
25,n3294,systematically
2,n3295,systematization
5,n3296,systematize
20,n3297,systemic
2,n3298,systemize
2,n3299,table
7,n3300,tacit
3,n3301,tackle
10,n3302,tactical
5,n3303,tag
4,n3304,tailor
8,n3305,taiwan
11,n3306,taiwanese
98,n3307,take
30,n3308,tangible
167,n3309,target
2,n3310,targeted
86,n3311,task
4,n3312,tassi
3,n3313,tax
7,n3314,taxonomy
36,n3315,tb
69,n3316,tco
4,n3317,te
2,n3318,teach
52,n3319,team
170,n3320,tec
79,n3321,tech
133,n3322,technical
5,n3323,technician
114,n3324,technique
55,n3325,technological
2,n3326,technologically
2,n3327,technologies
506,n3328,technology
61,n3329,telecom
19,n3330,telecommunication
8,n3331,telephone
9,n3332,temperature
5,n3333,template
4,n3334,temporal
6,n3335,ten
25,n3336,tenant
8,n3337,tend
2,n3338,tension
332,n3339,term
6,n3340,terminal
3,n3341,terminology
9,n3342,terrain
33,n3343,territorial
5,n3344,territories
198,n3345,territory
40,n3346,tes
193,n3347,test
2,n3348,texas
5,n3349,text
5,n3350,textile
5,n3351,textual
3,n3352,thanks
2,n3353,the
27,n3354,theme
5,n3355,theoretic
60,n3356,theoretical
15,n3357,theoretically
93,n3358,theory
4,n3359,therapeutic
22,n3360,thereby
92,n3361,therefore
2,n3362,thermal
4,n3363,thermodynamics
2,n3364,thermography
7,n3365,thing
27,n3366,think
15,n3367,thinking
19,n3368,third
6,n3369,thirdly
4,n3370,thirty
2,n3371,this
23,n3372,threat
9,n3373,threshold
4,n3374,throw
4,n3375,thrust
4,n3376,thvenot
2,n3377,tier
2,n3378,tight
3,n3379,tightly
16,n3380,timber
272,n3381,time
4,n3382,timeframe
3,n3383,timely
49,n3384,tire
16,n3385,tlc
39,n3386,together
2,n3387,tokyo
64,n3388,tomato
4,n3389,ton
587,n3390,tool
9,n3391,toolmaker
6,n3392,tools
34,n3393,top
15,n3394,topic
9,n3395,topsis
78,n3396,total
6,n3397,tourism
26,n3398,tourist
9,n3399,touristic
136,n3400,towards
5,n3401,town
9,n3402,tpo
3,n3403,trace
7,n3404,track
4,n3405,traction
22,n3406,trade
4,n3407,tradeoff
3,n3408,tradition
130,n3409,traditional
8,n3410,traditionally
3,n3411,traffic
13,n3412,train
22,n3413,training
8,n3414,trajectory
47,n3415,transaction
2,n3416,transdisciplinary
94,n3417,transfer
4,n3418,transferable
36,n3419,transform
132,n3420,transformation
2,n3421,transformational
3,n3422,transformative
122,n3423,transformer
155,n3424,transition
5,n3425,translate
3,n3426,translation
3,n3427,transmission
3,n3428,transmit
4,n3429,transparency
4,n3430,transparent
196,n3431,transport
17,n3432,transportation
8,n3433,transregio
85,n3434,travel
9,n3435,treat
91,n3436,treatment
16,n3437,tree
2,n3438,tremendous
53,n3439,trend
9,n3440,trial
26,n3441,triangle
12,n3442,trigger
6,n3443,trip
3,n3444,triple
35,n3445,triz
25,n3446,trm
4,n3447,tropical
27,n3448,truck
32,n3449,trust
4,n3450,trustworthiness
7,n3451,try
9,n3452,tto
4,n3453,tuberculosis
4,n3454,tukker
2,n3455,tune
6,n3456,turbine
2,n3457,turbulent
6,n3458,turkey
17,n3459,turn
2,n3460,turnover
2,n3461,twelve
24,n3462,twenty
3,n3463,twofold
227,n3464,type
8,n3465,typical
10,n3466,typically
59,n3467,typology
9,n3468,ubiquitous
4,n3469,ucl
36,n3470,ucsd
4,n3471,udse
4,n3472,uev
42,n3473,uk
2,n3474,ultimate
5,n3475,ultimately
4,n3476,umbrella
81,n3477,uncaptured
19,n3478,uncertain
83,n3479,uncertainty
5,n3480,unclear
3,n3481,uncover
13,n3482,underlie
5,n3483,underline
6,n3484,underlying
2,n3485,underpin
121,n3486,understand
2,n3487,understandable
39,n3488,understanding
11,n3489,understood
6,n3490,undertake
7,n3491,undertaken
2,n3492,undesired
2,n3493,undoubtedly
4,n3494,ungrammatical
2,n3495,unified
7,n3496,unify
14,n3497,unique
75,n3498,unit
9,n3499,united
5,n3500,universal
91,n3501,university
5,n3502,unknown
3,n3503,unmet
3,n3504,unnecessary
2,n3505,unprecedented
2,n3506,unsolved
4,n3507,unstructured
2,n3508,unsuccessful
4,n3509,unsustainable
6,n3510,update
9,n3511,updraft
51,n3512,upgradability
5,n3513,upgradable
72,n3514,upgrade
9,n3515,upgrading
2,n3516,ups
5,n3517,uptake
62,n3518,urban
2,n3519,urbanisation
2,n3520,urbanization
2,n3521,urge
7,n3522,urgent
5,n3523,us
2,n3524,usa
4,n3525,usability
4,n3526,usable
31,n3527,usage
9,n3528,usd
1584,n3529,use
15,n3530,used
37,n3531,useful
17,n3532,usefulness
331,n3533,user
2,n3534,usfilter
5,n3535,usual
11,n3536,usually
4,n3537,utero
3,n3538,utilisation
3,n3539,utilise
4,n3540,utilised
2,n3541,utilitarian
15,n3542,utility
28,n3543,utilization
8,n3544,utilize
15,n3545,utilized
2,n3546,utilizes
2,n3547,utilizing
2,n3548,utmost
2,n3549,uv
4,n3550,uvoir
2,n3551,ux
25,n3552,vaccine
16,n3553,vacuum
2,n3554,vague
4,n3555,vagueness
4,n3556,valid
18,n3557,validate
6,n3558,validated
69,n3559,validation
5,n3560,validity
9,n3561,valorization
19,n3562,valuable
2,n3563,valuation
1620,n3564,value
2,n3565,vantage
3,n3566,variability
37,n3567,variable
2,n3568,variance
2,n3569,variant
25,n3570,variation
2,n3571,varied
122,n3572,variety
90,n3573,various
15,n3574,vary
7,n3575,vast
9,n3576,vdc
16,n3577,vdd
2,n3578,ve
3,n3579,vector
4,n3580,vegetation
95,n3581,vehicle
9,n3582,velocity
6,n3583,vendor
4,n3584,venezuela
9,n3585,venezuelan
4,n3586,venous
2,n3587,venture
9,n3588,veolia
6,n3589,verification
11,n3590,verify
3,n3591,versa
7,n3592,version
2,n3593,versus
4,n3594,viability
3,n3595,vice
4,n3596,viction
2,n3597,video
78,n3598,view
4,n3599,viewer
11,n3600,viewpoint
5,n3601,vikor
35,n3602,virtual
2,n3603,visible
96,n3604,vision
10,n3605,visit
40,n3606,visitor
12,n3607,visual
4,n3608,visualization
12,n3609,visualize
8,n3610,vital
5,n3611,vitro
2,n3612,vivo
4,n3613,vo
11,n3614,volatility
33,n3615,volume
9,n3616,vs
9,n3617,vsa
100,n3618,vts
10,n3619,vulnerability
2,n3620,wage
5,n3621,want
2,n3622,warm
15,n3623,warn
27,n3624,warning
2,n3625,warrant
4,n3626,warranty
13,n3627,wash
438,n3628,waste
14,n3629,wastewater
430,n3630,water
168,n3631,way
9,n3632,weak
11,n3633,weakness
5,n3634,weaknesses
6,n3635,wear
4,n3636,wearable
25,n3637,weather
61,n3638,web
2,n3639,websites
39,n3640,weight
9,n3641,wesa
13,n3642,western
2,n3643,wheat
7,n3644,whereas
5,n3645,whereby
4,n3646,whereconventional
4,n3647,whereof
7,n3648,whilst
23,n3649,whole
4,n3650,whose
21,n3651,wide
24,n3652,widely
7,n3653,wider
5,n3654,widespread
4,n3655,wildlife
41,n3656,win
7,n3657,wind
4,n3658,windmill
3,n3659,window
4,n3660,wireless
38,n3661,wise
4,n3662,wish
2,n3663,wood
39,n3664,word
258,n3665,work
6,n3666,worker
3,n3667,workflow
2,n3668,workforce
5,n3669,workload
2,n3670,workpiece
17,n3671,workshop
6,n3672,workshops
55,n3673,world
5,n3674,worldwide
4,n3675,wound
4,n3676,wrap
6,n3677,write
4,n3678,wts
4,n3679,wydler
3,n3680,xml
138,n3681,year
32,n3682,yet
6,n3683,yield
5,n3684,young
4,n3685,zero
5,n3686,zone
